{"size":{"x":19.003570556640626,"y":13.000000953674317},"map":[30,30,30,30,30,30,30,0,30,30,30,0,30,30,30,30,30,30,30,30,30,30,30,30,0,0,0,30,10,30,0,30,30,30,30,30,30,30,30,30,30,0,0,0,0,0,0,10,0,0,0,0,0,0,0,0,0,10,10,10,10,10,10,10,10,10,10,10,10,10,10,10,10,10,10,10,0,0,0,0,0,0,0,0,0,10,0,0,0,0,0,0,0,0,0,0,0,0,0,0,0,0,0,0,10,0,0,0,0,0,0,0,0,0,0,0,0,0,0,0,0,0,0,10,0,0,0,0,0,0,0,0,0,0,0,0,0,0,0,0,0,0,10,0,0,0,0,0,0,0,0,30,30,30,0,0,0,0,0,0,0,10,0,0,0,0,0,0,0,30,30,30,30,0,0,0,0,0,0,0,10,0,0,0,0,0,0,0,30,30,30,30,30,30,30,30,0,0,0,10,0,0,0,0,0,0,30,30,30,30,30,30,30,30,30,30,0,0,10,0,0,0,0,0,30,30,30,30,30,30,30,30,30,30,30,0,0,10,0,0,0,0,30,30,30,30,30]}